id;cod_depto;departamento ;cod_mun;municipio;bcg;cobertura_bcg;pentavalente_3ra_dosis;cobertura_pentavalente;antipolio_3ra_dosis;cobertura_antipolio;antirotavirus_2ra_dosis;cobertura_antirotavirica;antiamarilica;cobertura_antiamarilica
1;1;CHUQUISACA;10101;SUCRE                         ;7429;1,169257781;6914;1,088201413;6911;1,08772924;6736;1,060185814;6682;1,054758226
2;1;CHUQUISACA;10102;YOTALA                        ;126;0,558028914;137;0,606745724;137;0,606745724;151;0,668748937;135;0,599645146
3;1;CHUQUISACA;10103;POROMA                        ;277;0,661265675;295;0,704236008;295;0,704236008;289;0,689912564;242;0,579414035
4;1;CHUQUISACA;10201;AZURDUY                       ;185;0,73510127;207;0,822518718;207;0,822518718;198;0,786757035;194;0,773139622
5;1;CHUQUISACA;10202;TARVITA                       ;204;0,605449642;249;0,739004711;249;0,739004711;224;0,66480745;252;0,750117822
6;1;CHUQUISACA;10301;ZUDAÑEZ                       ;104;0,379357014;144;0,525263558;144;0,525263558;141;0,514320568;114;0,417064071
7;1;CHUQUISACA;10302;PRESTO                        ;121;0,399713541;171;0,564884426;171;0,564884426;148;0,488905819;173;0,573180437
8;1;CHUQUISACA;10303;MOJOCOYA                      ;102;0,532369488;135;0,704606676;135;0,704606676;117;0,610659119;119;0,622922933
9;1;CHUQUISACA;10304;ICLA                          ;121;0,665525459;142;0,781029878;142;0,781029878;133;0,731527984;133;0,733680553
10;1;CHUQUISACA;10401;PADILLA                       ;236;0,9528546;151;0,609665443;151;0,609665443;147;0,593515365;153;0,619563387
11;1;CHUQUISACA;10402;TOMINA                        ;134;0,668017087;181;0,902321588;181;0,902321588;166;0,827543556;154;0,769988446
12;1;CHUQUISACA;10403;SOPACHUY                      ;123;0,703342965;131;0,749088849;128;0,731934143;126;0,720497672;114;0,653800915
13;1;CHUQUISACA;10404;ALCALA                        ;45;0,383023765;68;0,578791467;68;0,578791467;58;0,493675075;58;0,495135905
14;1;CHUQUISACA;10405;EL VILLAR                     ;50;0,471754164;80;0,754806662;80;0,754806662;72;0,679325996;72;0,681343201
15;1;CHUQUISACA;10501;MONTEAGUDO                    ;566;0,967148512;478;0,816779132;483;0,825322847;474;0,80994416;477;0,817483027
16;1;CHUQUISACA;10502;HUACARETA                     ;123;0,630106978;199;1,019441371;199;1,019441371;182;0,932353414;187;0,960825329
17;1;CHUQUISACA;10601;TARABUCO                      ;274;0,692496501;328;0,828973913;329;0,831501273;277;0,700078579;245;0,621018013
18;1;CHUQUISACA;10602;YAMPARAEZ                     ;83;0,341567396;129;0,530869809;129;0,530869809;105;0,432103333;119;0,491155626
19;1;CHUQUISACA;10701;CAMARGO                       ;348;0,913376678;280;0,734900776;280;0,734900776;273;0,716528256;285;0,750221574
20;1;CHUQUISACA;10702;SAN LUCAS                     ;572;0,743163267;608;0,78993578;608;0,78993578;597;0,775644179;495;0,645005425
21;1;CHUQUISACA;10703;INCAHUASI                     ;205;0,647063194;261;0,82382192;261;0,82382192;250;0,789101456;175;0,554000019
22;1;CHUQUISACA;10704;VILLA CHARCAS                 ;221;0,564394582;298;0,761038848;298;0,761038848;261;0,666547447;309;0,791449219
23;1;CHUQUISACA;10801;VILLA SERRANO                 ;107;0,403581902;203;0,765674076;203;0,765674076;162;0,611030544;174;0,65823504
24;1;CHUQUISACA;10901;CAMATAQUI (C. VILLA ABECIA)   ;33;0,382690807;45;0,5218511;45;0,5218511;49;0,568237865;45;0,523392963
25;1;CHUQUISACA;10902;CULPINA                       ;347;0,821205809;438;1,036565258;438;1,036565258;371;0,878003906;302;0,716802087
26;1;CHUQUISACA;10903;LAS CARRERAS                  ;60;0,607863877;90;0,911795815;90;0,911795815;69;0,699043458;59;0,599506499
27;1;CHUQUISACA;11001;VILLA VACA GUZMAN (MUYUPAMPA) ;143;0,613557813;207;0,888157114;209;0,896738342;203;0,870994657;175;0,753093756
28;1;CHUQUISACA;11002;HUACAYA (VILLA DE HUACAYA)    ;47;0,775673804;72;1,188266253;72;1,188266253;67;1,105747763;57;0,943540904
29;1;CHUQUISACA;11003;MACHARETI                     ;71;0,401664899;168;0,950418352;167;0,9447611;145;0,820301554;164;0,930573206
30;2;LA PAZ    ;20101;LA PAZ                        ;21149;1,33878187;14617;0,925290775;14583;0,923138494;15071;0,954030052;12910;0,821490239
31;2;LA PAZ    ;20102;PALCA                         ;310;0,899578237;392;1,137531191;391;1,134629325;383;1,111414403;490;1,429384937
32;2;LA PAZ    ;20103;MECAPACA                      ;148;0,428414866;212;0,613675348;204;0,590517788;206;0,596307178;202;0,58779462
33;2;LA PAZ    ;20104;ACHOCALLA                     ;213;0,468878339;354;0,779262592;353;0,777061285;414;0,911340997;413;0,913898754
34;2;LA PAZ    ;20105;EL ALTO                       ;20956;1,174801811;17956;1,006620601;17960;1,006844842;18049;1,011834218;17881;1,007641834
35;2;LA PAZ    ;20201;ACHACACHI                     ;743;0,789604872;573;0,608941577;573;0,608941577;609;0,647199686;589;0,629216725
36;2;LA PAZ    ;20202;ANCORAIMES                    ;213;0,806517825;205;0,776226075;204;0,772439607;197;0,745934326;230;0,875446861
37;2;LA PAZ    ;20203;CHUA COCANI                   ;42;0,429916355;54;0,552749599;54;0,552749599;45;0,460624666;62;0,637968778
38;2;LA PAZ    ;20204;HUARINA                       ;75;0,459707685;85;0,521002044;85;0,521002044;87;0,533260915;87;0,536033302
39;2;LA PAZ    ;20205;SANTIAGO DE HUATA             ;86;0,484604686;77;0,433890242;77;0,433890242;71;0,400080613;104;0,589084976
40;2;LA PAZ    ;20206;HUATAJATA                     ;21;0,251986753;39;0,467975399;39;0,467975399;33;0,395979184;47;0,566908948
41;2;LA PAZ    ;20301;CORO CORO                     ;84;0,403998753;123;0,591569602;123;0,591569602;121;0,581950584;127;0,614036491
42;2;LA PAZ    ;20302;CAQUIAVIRI                    ;119;0,392295441;118;0,388998841;118;0,388998841;110;0,362626038;164;0,543480167
43;2;LA PAZ    ;20303;CALACOTO                      ;52;0,25640788;68;0,335302612;68;0,335302612;66;0,32544077;55;0,272632759
44;2;LA PAZ    ;20304;COMANCHE                      ;28;0,353515746;41;0,517648057;41;0,517648057;41;0,517648057;39;0,494979896
45;2;LA PAZ    ;20305;CHARAÑA                       ;30;0,445836007;33;0,490419608;33;0,490419608;36;0,535003208;25;0,37347908
46;2;LA PAZ    ;20306;WALDO BALLIVIAN               ;34;0,31819131;40;0,374342718;40;0,374342718;37;0,346267014;30;0,282233338
47;2;LA PAZ    ;20307;NAZACARA DE PACAJES           ;9;0,675916604;8;0,600814759;8;0,600814759;4;0,30040738;19;1,434497363
48;2;LA PAZ    ;20308;SANTIAGO DE CALLAPA           ;51;0,351503032;49;0,3377186;50;0,344610816;48;0,330826383;60;0,415723079
49;2;LA PAZ    ;20401;PUERTO ACOSTA                 ;151;0,66906993;179;0,793135877;179;0,793135877;168;0,744395683;164;0,730471973
50;2;LA PAZ    ;20402;MOCOMOCO                      ;221;0,688766607;218;0,679416834;218;0,679416834;204;0,63578456;223;0,698663183
51;2;LA PAZ    ;20403;PUERTO CARABUCO               ;196;0,673344053;210;0,721440057;210;0,721440057;198;0,680214911;215;0,742508334
52;2;LA PAZ    ;20404;HUMANATA                      ;58;0,539860817;77;0,716711774;77;0,716711774;63;0,586400542;57;0,533334686
53;2;LA PAZ    ;20405;ESCOMA                        ;110;0,758109283;67;0,461757472;67;0,461757472;72;0,496216985;87;0,602725141
54;2;LA PAZ    ;20501;CHUMA                         ;144;0,626338621;138;0,600241178;138;0,600241178;137;0,595891604;168;0,734577647
55;2;LA PAZ    ;20502;AYATA                         ;132;0,765710926;143;0,82952017;144;0,83532101;129;0,748308405;152;0,886374112
56;2;LA PAZ    ;20503;AUCAPATA                      ;72;0,632575661;72;0,632575661;73;0,641361434;73;0,641361434;91;0,803736498
57;2;LA PAZ    ;20601;SORATA                        ;303;0,613000559;357;0,722248183;358;0,724271288;355;0,718201975;361;0,734186052
58;2;LA PAZ    ;20602;GUANAY                        ;280;0,903555772;346;1,116536775;338;1,090720896;321;1,035862153;346;1,12247549
59;2;LA PAZ    ;20603;TACACOMA                      ;115;0,670731112;143;0,834039557;143;0,834039557;121;0,705725779;108;0,633254348
60;2;LA PAZ    ;20604;QUIABAYA                      ;60;1,105050308;58;1,068215297;58;1,068215297;54;0,994545277;51;0,944251344
61;2;LA PAZ    ;20605;COMBAYA                       ;58;0,74398864;47;0,602887346;47;0,602887346;54;0,692679078;50;0,644745783
62;2;LA PAZ    ;20606;TIPUANI                       ;128;0,62183275;223;1,083349244;221;1,073633107;203;0,986187876;234;1,142807719
63;2;LA PAZ    ;20607;MAPIRI                        ;248;0,857525481;350;1,210217412;353;1,220590704;347;1,19984412;393;1,366118012
64;2;LA PAZ    ;20608;TEOPONTE                      ;224;1,144336856;288;1,471290243;283;1,445747009;289;1,476398889;332;1,705111537
65;2;LA PAZ    ;20701;APOLO                         ;329;0,770855353;359;0,841146114;359;0,841146114;311;0,728680896;410;0,965735953
66;2;LA PAZ    ;20702;PELECHUCO                     ;127;0,905938297;139;0,991538766;139;0,991538766;134;0,955871904;148;1,061399971
67;2;LA PAZ    ;20801;VIACHA                        ;965;0,561515323;1345;0,782630165;1359;0,790776501;1385;0,805905412;1471;0,860421835
68;2;LA PAZ    ;20802;GUAQUI                        ;75;0,507833101;92;0,622941938;92;0,622941938;102;0,690653018;102;0,694266794
69;2;LA PAZ    ;20803;TIAWANACU                     ;172;0,685714779;204;0,813289622;204;0,813289622;215;0,857143474;183;0,733384216
70;2;LA PAZ    ;20804;DESAGUADERO                   ;92;0,625412446;84;0,571028755;85;0,577826716;98;0,666200214;109;0,744854309
71;2;LA PAZ    ;20805;SAN ANDRES DE MACHACA         ;64;0,516514856;64;0,516514856;64;0,516514856;65;0,524585401;44;0,356962549
72;2;LA PAZ    ;20806;JESUS DE MACHACA              ;172;0,559941891;178;0,579474747;175;0,569708319;185;0,60226308;162;0,530140386
73;2;LA PAZ    ;20807;TARACO                        ;66;0,490572043;68;0,505437862;68;0,505437862;71;0,527736592;60;0,448305886
74;2;LA PAZ    ;20901;LURIBAY                       ;104;0,444999207;162;0,693171841;162;0,693171841;164;0,701729518;169;0,726919542
75;2;LA PAZ    ;20902;SAPAHAQUI                     ;136;0,531612198;126;0,492523065;125;0,488614152;142;0,555065677;133;0,522611661
76;2;LA PAZ    ;20903;YACO                          ;102;0,681088046;125;0,834666723;122;0,814634721;114;0,761216051;141;0,946464094
77;2;LA PAZ    ;20904;MALLA                         ;25;0,223579875;40;0,3577278;40;0,3577278;36;0,32195502;49;0,440529548
78;2;LA PAZ    ;20905;CAIROMA                       ;161;0,709291831;201;0,885513404;201;0,885513404;185;0,815024774;200;0,885750033
79;2;LA PAZ    ;21001;INQUISIVI                     ;194;0,643111041;205;0,6795761;205;0,6795761;203;0,67294609;217;0,723164654
80;2;LA PAZ    ;21002;QUIME                         ;158;0,915382069;157;0,909588512;156;0,903794954;165;0,955936971;190;1,10662743
81;2;LA PAZ    ;21003;CAJUATA                       ;186;0,829060508;224;0,998438461;221;0,985066517;218;0,971694574;199;0,89169302
82;2;LA PAZ    ;21004;COLQUIRI                      ;380;0,936611304;367;0,904569338;365;0,899639805;423;1,042596267;352;0,872206589
83;2;LA PAZ    ;21005;ICHOCA                        ;67;0,409106985;64;0,390788762;64;0,390788762;60;0,366364464;52;0,319193703
84;2;LA PAZ    ;21006;LICOMA PAMPA                  ;24;0,211386243;50;0,440388006;50;0,440388006;41;0,361118165;58;0,513545676
85;2;LA PAZ    ;21101;CHULUMANI (V. DE LA LIBERTAD) ;331;0,856222099;368;0,951932726;368;0,951932726;360;0,931238537;358;0,930920161
86;2;LA PAZ    ;21102;IRUPANA (VILLA DE LANZA)      ;220;0,600230214;269;0,733917853;269;0,733917853;257;0,701178023;293;0,80362837
87;2;LA PAZ    ;21103;YANACACHI                     ;57;0,401447479;89;0,626821503;89;0,626821503;93;0,654993255;100;0,708036491
88;2;LA PAZ    ;21104;PALOS BLANCOS                 ;438;0,843360193;574;1,105225459;574;1,105225459;567;1,091747099;649;1,25627634
89;2;LA PAZ    ;21105;LA ASUNTA                     ;1003;1,19838575;1031;1,231840188;1031;1,231840188;1088;1,299943865;974;1,169887201
90;2;LA PAZ    ;21201;PUCARANI                      ;502;0,856507684;555;0,946935786;556;0,948641976;541;0,923049117;526;0,902129748
91;2;LA PAZ    ;21202;LAJA                          ;284;0,555685487;280;0,547858931;281;0,54981557;298;0,583078434;310;0,609729649
92;2;LA PAZ    ;21203;BATALLAS                      ;253;0,73176282;256;0,740439849;255;0,737547506;275;0,79539437;257;0,747224917
93;2;LA PAZ    ;21204;PUERTO PEREZ                  ;94;0,561224378;109;0,650781459;109;0,650781459;105;0,626899571;91;0,54614855
94;2;LA PAZ    ;21301;SICA SICA (VILLA AROMA)       ;289;0,450343857;331;0,515791753;316;0,492417505;356;0,554748834;379;0,593695849
95;2;LA PAZ    ;21302;UMALA                         ;117;0,668785626;143;0,817404654;142;0,811688537;149;0,851701352;142;0,815960233
96;2;LA PAZ    ;21303;AYO AYO                       ;135;0,846036471;123;0,770833229;126;0,789634039;132;0,82723566;129;0,812675092
97;2;LA PAZ    ;21304;CALAMARCA                     ;183;0,729141432;184;0,733125812;184;0,733125812;200;0,796875882;210;0,841110114
98;2;LA PAZ    ;21305;PATACAMAYA                    ;556;1,185426143;451;0,961559695;452;0,963691757;477;1,016993292;434;0,930158271
99;2;LA PAZ    ;21306;COLQUENCHA                    ;131;0,635980337;146;0,708802513;147;0,713657325;151;0,733076572;151;0,736929255
100;2;LA PAZ    ;21307;COLLANA                       ;55;0,550585873;48;0,480511308;47;0,470500655;60;0,600639135;54;0,543393758
101;2;LA PAZ    ;21401;COROICO                       ;271;0,670467458;302;0,747162998;302;0,747162998;293;0,724896551;276;0,686441816
102;2;LA PAZ    ;21402;CORIPATA                      ;258;0,717066891;341;0,947751201;341;0,947751201;324;0,900502608;380;1,061671522
103;2;LA PAZ    ;21501;IXIAMAS                       ;207;1,066821378;183;0,943131943;183;0,943131943;213;1,097743737;312;1,616538429
104;2;LA PAZ    ;21502;SAN BUENA VENTURA             ;241;1,320880524;214;1,172898059;214;1,172898059;221;1,211263883;260;1,432552933
105;2;LA PAZ    ;21601;GRAL. J.J. PEREZ  (CHARAZANI) ;184;0,688370216;207;0,774416493;198;0,740746211;189;0,707075928;182;0,684474736
106;2;LA PAZ    ;21602;CURVA                         ;42;0,599680191;46;0,65679259;46;0,65679259;41;0,585402091;56;0,803770235
107;2;LA PAZ    ;21701;COPACABANA                    ;209;0,685946854;177;0,580921499;176;0,577639456;189;0,620306007;190;0,626839816
108;2;LA PAZ    ;21702;SAN PEDRO DE TIQUINA          ;56;0,464283441;55;0,455992665;56;0,464283441;68;0,56377275;77;0,641707795
109;2;LA PAZ    ;21703;TITO YUPANQUI (PARQUIPUJIO)   ;8;0,062023813;13;0,100788697;13;0,100788697;12;0,09303572;16;0,124695715
110;2;LA PAZ    ;21801;SAN PEDRO DE CURAHUARA        ;93;0,513710826;109;0,602091183;109;0,602091183;122;0,673900223;99;0,549748718
111;2;LA PAZ    ;21802;PAPEL PAMPA                   ;59;0,407033715;82;0,565707875;82;0,565707875;78;0,538112369;91;0,631119158
112;2;LA PAZ    ;21803;CHACARILLA                    ;17;0,399091135;15;0,352139237;15;0,352139237;11;0,25823544;14;0,330412625
113;2;LA PAZ    ;21901;SANTIAGO DE MACHACA           ;36;0,388271076;59;0,636333152;59;0,636333152;66;0,711830306;45;0,487884045
114;2;LA PAZ    ;21902;CATACORA                      ;8;0,123495273;17;0,262427455;17;0,262427455;12;0,185242909;19;0,294846172
115;2;LA PAZ    ;22001;CARANAVI                      ;1276;1,22095049;1079;1,032449513;1079;1,032449513;1047;1,001830065;1117;1,07446203
116;2;LA PAZ    ;22002;ALTO BENI                     ;121;0,514215056;244;1,036929535;245;1,041179246;215;0,91368791;263;1,123637329
117;3;COCHABAMBA;30101;COCHABAMBA                    ;20680;1,401596113;15016;1,017716017;15022;1,01812267;15545;1,053569225;13816;0,940498081
118;3;COCHABAMBA;30201;AIQUILE                       ;554;1,042530595;433;0,814829869;430;0,809184397;508;0,955966683;406;0,767400809
119;3;COCHABAMBA;30202;PASORAPA                      ;28;0,178237887;41;0,260991192;41;0,260991192;36;0,229162998;44;0,281341044
120;3;COCHABAMBA;30203;OMEREQUE                      ;79;0,613060109;109;0,845867746;109;0,845867746;116;0,900189527;118;0,919784285
121;3;COCHABAMBA;30301;AYOPAYA (V. DE INDEPENDENCIA) ;399;0,734744018;461;0,848914768;462;0,850756231;467;0,85996355;479;0,88598058
122;3;COCHABAMBA;30302;MOROCHATA                     ;186;0,64370662;212;0,733687115;210;0,726765539;207;0,716383174;189;0,656990137
123;3;COCHABAMBA;30303;COCAPATA                      ;292;0,68635748;366;0,860297389;366;0,860297389;358;0,841493075;359;0,84762209
124;3;COCHABAMBA;30401;TARATA                        ;134;0,712070462;184;0,977768395;185;0,983082354;188;0,99902423;220;1,174237681
125;3;COCHABAMBA;30402;ANZALDO                       ;112;0,68523632;112;0,68523632;112;0,68523632;132;0,807599948;137;0,841882865
126;3;COCHABAMBA;30403;ARBIETO                       ;287;0,657174391;378;0,86554676;378;0,86554676;388;0,888444822;401;0,922225633
127;3;COCHABAMBA;30404;SACABAMBA                     ;63;0,634552681;75;0,755419858;75;0,755419858;76;0,765492123;92;0,930713895
128;3;COCHABAMBA;30501;ARANI                         ;181;0,836842275;184;0,850712589;184;0,850712589;183;0,846089151;195;0,905520129
129;3;COCHABAMBA;30502;VACAS                         ;144;0,711572608;149;0,73627999;149;0,73627999;138;0,681923749;145;0,719655227
130;3;COCHABAMBA;30601;ARQUE                         ;208;0,86224265;211;0,874678842;211;0,874678842;226;0,936859803;180;0,749458392
131;3;COCHABAMBA;30602;TACOPAYA                      ;143;0,613268684;136;0,583248539;136;0,583248539;126;0,540362617;122;0,525513228
132;3;COCHABAMBA;30701;CAPINOTA                      ;343;0,757313124;382;0,843421613;384;0,847837433;390;0,861084893;403;0,89371162
133;3;COCHABAMBA;30702;SANTIVAÑES                    ;74;0,485435299;111;0,728152949;111;0,728152949;118;0,774072504;132;0,869700523
134;3;COCHABAMBA;30703;SICAYA                        ;50;0,509283293;79;0,804667603;76;0,774110606;55;0,560211623;78;0,798038769
135;3;COCHABAMBA;30801;CLIZA                         ;492;0,971108762;403;0,795440714;403;0,795440714;404;0,797414512;435;0,862374272
136;3;COCHABAMBA;30802;TOCO                          ;73;0,450591163;105;0,648110577;105;0,648110577;97;0,598730724;94;0,582770808
137;3;COCHABAMBA;30803;TOLATA                        ;76;0,59149941;100;0,778288697;100;0,778288697;95;0,739374262;111;0,867736979
138;3;COCHABAMBA;30901;QUILLACOLLO                   ;3417;1,032303621;3284;0,992123235;3289;0,993633776;3206;0,968558797;3417;1,03684504
139;3;COCHABAMBA;30902;SIPE SIPE                     ;714;0,727689462;992;1,011019533;992;1,011019533;921;0,938658256;1019;1,043106258
140;3;COCHABAMBA;30903;TIQUIPAYA                     ;1419;1,096058842;1325;1,023451703;1324;1,022679286;1237;0,955479061;1387;1,076049205
141;3;COCHABAMBA;30904;VINTO                         ;1048;0,840429652;1074;0,861280006;1071;0,858874196;1084;0,869299373;1041;0,838484254
142;3;COCHABAMBA;30905;COLCAPIRHUA                   ;599;0,493787724;929;0,765824367;939;0,774067901;854;0,703997857;864;0,71537579
143;3;COCHABAMBA;31001;SACABA                        ;3074;0,743887057;2929;0,708798045;2919;0,706378113;2857;0,691374535;2976;0,723341205
144;3;COCHABAMBA;31002;COLOMI                        ;373;0,815917405;410;0,896852911;409;0,894665465;414;0,905602696;421;0,924994405
145;3;COCHABAMBA;31003;VILLA TUNARI                  ;1899;1,134844314;1726;1,03145934;1712;1,023092926;1735;1,036837749;1796;1,078115798
146;3;COCHABAMBA;31101;TAPACARI                      ;429;0,759976387;504;0,892839392;507;0,898153912;485;0,859180764;424;0,754444271
147;3;COCHABAMBA;31201;TOTORA(CBBA)                  ;370;1,05510739;347;0,989519633;346;0,986667992;331;0,943893368;343;0,982467443
148;3;COCHABAMBA;31202;POJO (CBBA)                   ;181;0,783734847;212;0,917965677;210;0,909305624;202;0,87466541;231;1,004692844
149;3;COCHABAMBA;31203;POCONA                        ;166;0,682834703;211;0,867940496;209;0,859713572;203;0,8350328;224;0,925494802
150;3;COCHABAMBA;31204;CHIMORE                       ;259;0,488076015;492;0,927155983;488;0,919618129;433;0,815972643;537;1,016504107
151;3;COCHABAMBA;31205;PUERTO VILLARROEL             ;1574;1,43573646;1189;1,084555687;1187;1,082731371;1192;1,08729216;1260;1,154468246
152;3;COCHABAMBA;31206;ENTRE RIOS CBBA               ;477;0,638090818;834;1,115655643;834;1,115655643;761;1,018002332;879;1,181109852
153;3;COCHABAMBA;31301;MIZQUE                        ;586;0,942465395;584;0,939248789;568;0,913515946;566;0,91029934;662;1,069394299
154;3;COCHABAMBA;31302;VILA VILA                     ;96;0,728788077;105;0,797111959;105;0,797111959;110;0,835069671;83;0,632864085
155;3;COCHABAMBA;31303;ALALAY                        ;41;0,530582556;40;0,517641518;40;0,517641518;41;0,530582556;43;0,558928912
156;3;COCHABAMBA;31401;PUNATA                        ;931;1,377069701;564;0,834229121;563;0,832749991;620;0,917060381;553;0,82152344
157;3;COCHABAMBA;31402;VILLA RIVERO                  ;112;0,584131856;155;0,808396765;155;0,808396765;147;0,766673061;160;0,838148025
158;3;COCHABAMBA;31403;SAN BENITO                    ;144;0,431545126;198;0,593374548;198;0,593374548;190;0,569399819;229;0,689287533
159;3;COCHABAMBA;31404;TACACHI                       ;14;0,460313426;14;0,460313426;14;0,460313426;12;0,394554366;17;0,561402003
160;3;COCHABAMBA;31405;CUCHUMUELA (V. G. VILLARROEL) ;16;0,250138043;20;0,312672554;17;0,265771671;19;0,297038926;25;0,392540973
161;3;COCHABAMBA;31501;BOLIVAR                       ;107;0,649801875;121;0,734822681;121;0,734822681;120;0,728749767;92;0,56120193
162;3;COCHABAMBA;31601;TIRAQUE (CBBA)                ;356;0,737079119;370;0,766065377;370;0,766065377;375;0,776417612;364;0,756952778
163;3;COCHABAMBA;31602;SHINAOTA                      ;517;1,039375677;501;1,007209312;500;1,005198914;469;0,942876581;500;1,009705057
164;4;ORURO     ;40101;ORURO                         ;9136;1,574549831;6494;1,119212631;6473;1,115593373;6579;1,133862011;5656;0,983173522
165;4;ORURO     ;40102;CARACOLLO                     ;319;0,649548262;335;0,682127485;335;0,682127485;349;0,710634305;332;0,6818426
166;4;ORURO     ;40103;EL CHORO                      ;60;0,300670605;107;0,536195913;105;0,526173559;97;0,486084145;97;0,490258585
167;4;ORURO     ;40104;SORACACHI                     ;145;0,555645841;179;0,68593521;179;0,68593521;173;0,662942969;175;0,676405977
168;4;ORURO     ;40201;CHALLAPATA                    ;861;1,405644016;669;1,092190298;676;1,103618299;677;1,10525087;695;1,144461097
169;4;ORURO     ;40202;SANTUARIO DE QUILLACAS        ;64;0,72511779;82;0,929057169;82;0,929057169;81;0,917727203;73;0,834276877
170;4;ORURO     ;40301;CORQUE                        ;78;0,399833263;102;0,522858883;101;0,517732815;88;0,451093938;105;0,542914326
171;4;ORURO     ;40302;CHOQUE COTA                   ;9;0,227198086;15;0,378663477;15;0,378663477;13;0,328175013;20;0,509253992
172;4;ORURO     ;40401;CURAHUARA DE CARANGAS         ;64;0,776534936;78;0,946401954;78;0,946401954;63;0,764401578;72;0,881195485
173;4;ORURO     ;40402;TURCO                         ;36;0,316532285;51;0,448420736;49;0,43083561;53;0,466005863;33;0,292664077
174;4;ORURO     ;40501;HUACHACALLA                   ;16;0,759738441;15;0,712254788;15;0,712254788;17;0,807222093;9;0,431154302
175;4;ORURO     ;40502;ESCARA                        ;0;0;5;0,055019157;5;0,055019157;3;0,033011494;;0
176;4;ORURO     ;40503;CRUZ DE MACHACAMARCA          ;2;0,04055539;5;0,101388474;5;0,101388474;4;0,081110779;2;0,040905154
177;4;ORURO     ;40504;YUNGUYO DE LITORAL            ;2;0,181503676;4;0,363007353;4;0,363007353;4;0,363007353;3;0,274615023
178;4;ORURO     ;40505;ESMERALDA                     ;1;0,017204132;4;0,068816529;4;0,068816529;4;0,068816529;5;0,086763622
179;4;ORURO     ;40601;POOPO                         ;69;0,427930856;93;0,576776371;89;0,551968785;84;0,520959303;107;0,669344544
180;4;ORURO     ;40602;PAZÑA                         ;69;0,547647623;103;0,817502974;102;0,809566052;102;0,809566052;116;0,928624894
181;4;ORURO     ;40603;ANTEQUERA                     ;42;0,625025505;50;0,744077982;50;0,744077982;43;0,639907065;47;0,705487414
182;4;ORURO     ;40701;HUANUNI                       ;438;0,811075022;512;0,948105962;512;0,948105962;540;0,999955507;559;1,044134083
183;4;ORURO     ;40702;MACHACAMARCA                  ;39;0,37925871;58;0,564025774;57;0,554301191;58;0,564025774;58;0,568884761
184;4;ORURO     ;40801;SALINAS DE GARCI MENDOZA      ;172;0,649897062;216;0,816149799;215;0,812371327;210;0,793478971;223;0,849906801
185;4;ORURO     ;40802;PAMPA AULLAGAS                ;51;0,826775886;69;1,118579139;72;1,167213015;66;1,069945264;69;1,128294748
186;4;ORURO     ;40901;SABAYA                        ;41;0,237694193;48;0,278276128;48;0,278276128;49;0,284073547;62;0,362554756
187;4;ORURO     ;40902;COIPASA                       ;10;0,516191506;9;0,464572356;9;0,464572356;9;0,464572356;19;0,989279591
188;4;ORURO     ;40903;CHIPAYA                       ;33;0,774239971;33;0,774239971;33;0,774239971;33;0,774239971;32;0,757263637
189;4;ORURO     ;41001;TOLEDO                        ;51;0,22775044;80;0,357255592;77;0,343858507;58;0,259010304;86;0,387370003
190;4;ORURO     ;41101;EUCALIPTUS                    ;75;0,692488503;87;0,803286664;87;0,803286664;92;0,849452564;59;0,549468444
191;4;ORURO     ;41201;ANDAMARCA                     ;48;0,432415415;63;0,567545232;62;0,558536577;63;0,567545232;52;0,472498312
192;4;ORURO     ;41202;BELEN DE ANDAMARCA            ;16;0,369434615;30;0,692689904;29;0,66960024;28;0,646510577;34;0,791851796
193;4;ORURO     ;41301;TOTORA(ORR)                   ;55;0,467061524;71;0,602933968;71;0,602933968;68;0,577457884;62;0,531065666
194;4;ORURO     ;41401;SANTIAGO DE HUARI             ;132;0,424674042;166;0,534059781;166;0,534059781;131;0,421456815;157;0,509514564
195;4;ORURO     ;41501;LA RIVERA                     ;0;0;3;0,268912181;3;0,268912181;4;0,358549575;2;0,180822218
196;4;ORURO     ;41502;TODOS SANTOS                  ;5;0,284953501;9;0,512916302;9;0,512916302;7;0,398934902;3;0,172465202
197;4;ORURO     ;41503;CARANGAS                      ;4;0,221891884;7;0,388310797;7;0,388310797;7;0,388310797;4;0,22380663
198;4;ORURO     ;41601;HUAYLLAMARCA                  ;56;0,478334322;58;0,495417691;58;0,495417691;55;0,469792638;57;0,491109296
199;5;POTOSI    ;50101;POTOSI                        ;6277;1,246218071;4916;0,976008927;4879;0,96866305;5189;1,030209586;4708;0,939141303
200;5;POTOSI    ;50102;TINGUIPAYA                    ;435;0,602586575;481;0,666308374;486;0,673234656;465;0,64414427;493;0,686286535
201;5;POTOSI    ;50103;YOCALLA                       ;128;0,551417464;146;0,628960544;145;0,624652596;138;0,594496953;159;0,688292275
202;5;POTOSI    ;50104;BELEN DE URMIRI               ;29;0,383546984;35;0,462901533;35;0,462901533;37;0,489353049;35;0,465286351
203;5;POTOSI    ;50201;UNCIA                         ;476;0,828050016;505;0,878498441;504;0,87675884;494;0,859362832;554;0,968384572
204;5;POTOSI    ;50202;CHAYANTA                      ;338;0,8103052;314;0,752768736;315;0,755166089;302;0,724000504;332;0,79971583
205;5;POTOSI    ;50203;LLALLAGUA                     ;1102;1,054392268;1076;1,029515499;1025;0,980718761;1071;1,024731505;991;0,952669244
206;5;POTOSI    ;50204;CHUQUIHUTA AYLLU JUCUMANI     ;182;0,856374723;146;0,686981921;150;0,705803343;149;0,701097988;197;0,931512347
207;5;POTOSI    ;50301;BETANZOS                      ;535;0,640038451;571;0,683106459;574;0,68669546;578;0,691480794;596;0,716420129
208;5;POTOSI    ;50302;CHAQUI                        ;131;0,521723805;173;0,688994032;173;0,688994032;158;0,629254665;162;0,648213494
209;5;POTOSI    ;50303;TACOBAMBA                     ;161;0,549154874;184;0,627605571;184;0,627605571;176;0,600318372;176;0,603261056
210;5;POTOSI    ;50401;COLQUECHACA                   ;802;0,897804951;732;0,819442923;723;0,809367805;709;0,7936954;647;0,727843948
211;5;POTOSI    ;50402;RAVELO                        ;320;0,609594895;319;0,607689911;317;0,603879943;297;0,565780262;322;0,616366856
212;5;POTOSI    ;50403;POCOATA                       ;462;0,654799433;420;0,595272212;422;0,598106842;452;0,640626285;408;0,581052621
213;5;POTOSI    ;50404;OCURI                         ;275;0,699091388;288;0,732139345;287;0,729597194;292;0,742307947;282;0,720405077
214;5;POTOSI    ;50501;SAN PEDRO DE BUENA VISTA      ;747;0,969420285;708;0,918807981;708;0,918807981;748;0,970718037;720;0,938912614
215;5;POTOSI    ;50502;TORO TORO                     ;272;0,986334137;271;0,982707908;271;0,982707908;261;0,946445624;296;1,078515399
216;5;POTOSI    ;50601;COTAGAITA                     ;279;0,340819316;370;0,451982605;369;0,45076103;365;0,445874732;381;0,467624057
217;5;POTOSI    ;50602;VITICHI                       ;143;0,540488154;161;0,608521628;161;0,608521628;158;0,597182715;151;0,573359643
218;5;POTOSI    ;50701;SACACA                        ;450;0,920172176;438;0,895634252;438;0,895634252;430;0,879275635;416;0,854756217
219;5;POTOSI    ;50702;CARIPUYO                      ;156;0,716871934;181;0,831755257;181;0,831755257;169;0,776611262;181;0,835844489
220;5;POTOSI    ;50801;TUPIZA                        ;1062;0,918312567;923;0,798119114;913;0,789472103;939;0,811954332;895;0,777570436
221;5;POTOSI    ;50802;ATOCHA                        ;137;0,467765126;226;0,77164174;224;0,764813052;212;0,723840925;235;0,806288456
222;5;POTOSI    ;50901;"COLCHA ""K""                    ";187;0,531524378;266;0,75607211;266;0,75607211;243;0,690697454;307;0,876976353
223;5;POTOSI    ;50902;SAN PEDRO DE QUEMES           ;9;0,316458795;6;0,21097253;6;0,21097253;12;0,42194506;10;0,353376807
224;5;POTOSI    ;51001;SAN PABLO DE LIPEZ            ;50;0,549480917;41;0,450574352;41;0,450574352;42;0,461563971;40;0,441771754
225;5;POTOSI    ;51002;MOJINETE                      ;8;0,239375842;21;0,628361586;21;0,628361586;18;0,538595645;22;0,661407193
226;5;POTOSI    ;51003;SAN ANTONIO DE ESMORUCO       ;34;0,549681647;44;0,71135272;44;0,71135272;42;0,679018506;61;0,990870792
227;5;POTOSI    ;51101;PUNA                          ;279;0,511791009;323;0,592503569;321;0,588834816;350;0,642031731;361;0,665303983
228;5;POTOSI    ;51102;"CAIZA ""D""                     ";130;0,433698047;178;0,593832711;179;0,59716885;180;0,600504988;158;0,52961202
229;5;POTOSI    ;51103;CKOCHAS                       ;284;0,724348271;279;0,711595661;261;0,665686264;284;0,724348271;268;0,686811066
230;5;POTOSI    ;51201;UYUNI                         ;755;0,918503181;626;0,761566876;627;0,762783437;634;0,77129936;540;0,660075634
231;5;POTOSI    ;51202;TOMAVE                        ;217;0,563410389;257;0,667264839;253;0,656879394;269;0,698421173;306;0,798271865
232;5;POTOSI    ;51203;PORCO                         ;230;0,83656431;255;0,927495213;252;0,916583504;279;1,01478888;231;0,844273207
233;5;POTOSI    ;51301;ARAMPAMPA                     ;81;0,798281028;88;0,867268278;88;0,867268278;91;0,896834242;88;0,871478522
234;5;POTOSI    ;51302;ACACIO                        ;84;0,53342755;99;0,62868247;99;0,62868247;80;0,508026238;103;0,657208833
235;5;POTOSI    ;51401;LLICA                         ;80;0,703925174;77;0,67752798;76;0,668728915;68;0,598336398;64;0,56591002
236;5;POTOSI    ;51402;TAHUA                         ;10;0,247511336;23;0,569276074;20;0,495022673;18;0,445520406;21;0,522305139
237;5;POTOSI    ;51501;VILLAZON                      ;806;0,689591078;916;0,783704004;915;0,782848432;871;0,745203262;928;0,797720726
238;5;POTOSI    ;51601;SAN AGUSTIN                   ;30;0,702964088;26;0,609235543;26;0,609235543;25;0,585803407;29;0,682757185
239;6;TARIJA    ;60101;TARIJA                        ;6146;1,164801099;4712;0,89302681;4708;0,892268723;4677;0,886393547;4272;0,809222388
240;6;TARIJA    ;60201;PADCAYA                       ;163;0,374956014;401;0,9224378;401;0,9224378;338;0,777516151;328;0,754149635
241;6;TARIJA    ;60202;BERMEJO                       ;828;0,972160726;847;0,994468762;794;0,932241083;786;0,922848226;735;0,862544393
242;6;TARIJA    ;60301;YACUIBA                       ;2242;0,995593704;2221;0,986268339;2213;0,982715819;2285;1,014688498;2101;0,932522031
243;6;TARIJA    ;60302;CARAPARI                      ;161;0,427982966;349;0,927739472;364;0,967613661;327;0,869257328;371;0,98581915
244;6;TARIJA    ;60303;VILLA MONTES                  ;1226;1,189775157;1191;1,155809309;1195;1,15969112;1192;1,156779762;1065;1,033040412
245;6;TARIJA    ;60401;URIONDO (A. CONCEPCION)       ;134;0,380093266;296;0,839609006;291;0,825426422;301;0,853791591;320;0,907226153
246;6;TARIJA    ;60402;YUNCHARA                      ;70;0,541679475;114;0,882163716;114;0,882163716;105;0,812519212;115;0,88945199
247;6;TARIJA    ;60501;SAN LORENZO(TJA)              ;122;0,212808697;393;0,685523098;391;0,682034431;392;0,683778764;370;0,645077154
248;6;TARIJA    ;60502;EL PUENTE(TJA)                ;161;0,596134581;224;0,829404634;222;0,821999235;229;0,84791813;210;0,777180082
249;6;TARIJA    ;60601;ENTRE RIOS  TRJ               ;285;0,53626818;471;0,88625373;468;0,880608801;455;0,856147446;479;0,900887768
250;7;SANTA CRUZ;70101;SANTA CRUZ DE LA SIERRA       ;41535;1,05549764;33178;0,8431275;32935;0,836952324;34402;0,874232089;32598;0,830820835
251;7;SANTA CRUZ;70102;COTOCA                        ;1363;1,100495074;1565;1,263591189;1533;1,237754181;1524;1,230487523;1534;1,242214273
252;7;SANTA CRUZ;70103;PORONGO                       ;128;0,315320758;237;0,583836091;230;0,566591987;208;0,512396232;237;0,585564822
253;7;SANTA CRUZ;70104;LA GUARDIA                    ;1367;0,476526117;2038;0,710431767;2051;0,714963472;2014;0,702065544;2144;0,749581158
254;7;SANTA CRUZ;70105;EL TORNO                      ;1193;0,868472557;1245;0,906327187;1234;0,898319477;1319;0,960197236;1360;0,992958864
255;7;SANTA CRUZ;70201;WARNES                        ;2192;0,685840579;2690;0,841656549;2682;0,839153482;2706;0,846662685;2749;0,862649956
256;7;SANTA CRUZ;70202;OKINAWA                       ;230;0,693586664;300;0,904678258;299;0,901662664;293;0,883569099;312;0,943639395
257;7;SANTA CRUZ;70301;SAN IGNACIO DE VELASCO        ;1624;1,138573728;1299;0,910718764;1299;0,910718764;1379;0,96680614;1461;1,027311561
258;7;SANTA CRUZ;70302;SAN MIGUEL DE VELASCO         ;170;0,567128666;237;0,790644082;238;0,793980133;244;0,813996439;290;0,970306416
259;7;SANTA CRUZ;70303;SAN RAFAEL                    ;69;0,412584234;124;0,741455725;124;0,741455725;131;0,783312097;134;0,803628719
260;7;SANTA CRUZ;70401;BUENA VISTA                   ;133;0,401175066;293;0,883791687;289;0,871726271;301;0,907922518;329;0,995326503
261;7;SANTA CRUZ;70402;SAN CARLOS                    ;489;0,902091081;527;0,972192229;530;0,97772653;522;0,962968393;557;1,030573171
262;7;SANTA CRUZ;70403;YAPACANI                      ;1297;0,874169692;1221;0,822946179;1223;0,824294166;1262;0,850579916;1287;0,870007113
263;7;SANTA CRUZ;70404;SAN JUAN DE YAPACANI          ;126;0,514407589;215;0,877758981;215;0,877758981;227;0,92675018;231;0,945889361
264;7;SANTA CRUZ;70501;SAN JOSE DE CHIQUITOS         ;713;0,833207469;624;0,72920261;621;0,725696828;582;0,680121665;859;1,006797644
265;7;SANTA CRUZ;70502;PAILON                        ;1126;1,076753999;876;0,837687836;883;0,844381689;848;0,810912426;1121;1,075136136
266;7;SANTA CRUZ;70503;ROBORE                        ;316;0,780249234;317;0,782718377;303;0,748150373;297;0,733335515;333;0,824661065
267;7;SANTA CRUZ;70601;PORTACHUELO                   ;489;1,037388528;515;1,0925462;516;1,094667649;554;1,175282708;504;1,072366174
268;7;SANTA CRUZ;70602;SANTA ROSA DEL SARA           ;214;0,404995322;349;0,660483025;348;0,658590524;347;0,656698022;366;0,694721483
269;7;SANTA CRUZ;70603;COLPA BELGICA                 ;93;0,599167742;148;0,953514257;148;0,953514257;154;0,99217024;160;1,033877978
270;7;SANTA CRUZ;70701;LAGUNILLAS                    ;82;0,586832386;146;1,044847907;146;1,044847907;146;1,044847907;150;1,076656118
271;7;SANTA CRUZ;70702;CHARAGUA                      ;890;1,000568472;894;1,005065409;894;1,005065409;728;0,818442526;1034;1,165879305
272;7;SANTA CRUZ;70703;CABEZAS                       ;684;0,951950577;756;1,0521559;756;1,0521559;604;0,840611328;841;1,173927121
273;7;SANTA CRUZ;70704;CUEVO                         ;53;0,404256292;91;0,694100427;91;0,694100427;91;0,694100427;114;0,872084824
274;7;SANTA CRUZ;70705;GUTIERREZ                     ;338;1,040268927;331;1,018724896;329;1,012569459;338;1,040268927;300;0,926013388
275;7;SANTA CRUZ;70706;CAMIRI                        ;1099;1,240634684;853;0,962931197;825;0,93132267;839;0,947126933;877;0,992915955
276;7;SANTA CRUZ;70707;BOYUIBE                       ;71;0,513317105;100;0,722981838;100;0,722981838;98;0,708522202;113;0,819381507
277;7;SANTA CRUZ;70801;VALLEGRANDE                   ;366;0,814988822;305;0,679157352;304;0,676930606;293;0,652436407;317;0,70795416
278;7;SANTA CRUZ;70802;TRIGAL                        ;17;0,306822491;17;0,306822491;17;0,306822491;19;0,342919255;20;0,362029634
279;7;SANTA CRUZ;70803;MORO MORO                     ;25;0,363949219;36;0,524086875;36;0,524086875;39;0,567760781;39;0,56943161
280;7;SANTA CRUZ;70804;POSTRER VALLE                 ;13;0,212284405;18;0,293932254;18;0,293932254;15;0,244943545;24;0,39307214
281;7;SANTA CRUZ;70805;PUCARA                        ;5;0,097051708;18;0,349386148;18;0,349386148;17;0,329975806;22;0,42829184
282;7;SANTA CRUZ;70901;SAMAIPATA                     ;93;0,335332344;179;0,645424618;180;0,649030342;168;0,605761653;206;0,744977891
283;7;SANTA CRUZ;70902;PAMPA GRANDE                  ;144;0,584510342;186;0,754992525;190;0,771228923;181;0,734697027;214;0,87121219
284;7;SANTA CRUZ;70903;MAIRANA                       ;304;1,074549761;247;0,873071681;247;0,873071681;241;0,851863462;262;0,928829377
285;7;SANTA CRUZ;70904;QUIRUSILLAS                   ;10;0,117415683;29;0,34050548;29;0,34050548;25;0,293539207;30;0,353284129
286;7;SANTA CRUZ;71001;MONTERO                       ;3928;1,305332064;2805;0,932142678;2793;0,928154902;2964;0,984980712;2920;0,973210463
287;7;SANTA CRUZ;71002;GENERAL SAAVEDRA              ;233;0,647632066;399;1,109035169;311;0,864435934;309;0,85887686;324;0,903227919
288;7;SANTA CRUZ;71003;MINEROS                       ;15;0,023987234;82;0,131130212;80;0,127931914;74;0,11833702;75;0,120290304
289;7;SANTA CRUZ;71004;FERNANDEZ ALONSO              ;146;0,34655708;217;0,515088263;218;0,517461941;253;0,600540693;190;0,452349271
290;7;SANTA CRUZ;71005;SAN PEDRO                     ;161;0,305120574;264;0,500321935;263;0,498426776;240;0,454838123;246;0,467609011
291;7;SANTA CRUZ;71101;CONCEPCION                    ;486;0,933003896;499;0,957960791;498;0,956041029;496;0,952201507;537;1,033970794
292;7;SANTA CRUZ;71102;SAN JAVIER(STC)               ;374;1,017463343;289;0,786221674;326;0,886879813;328;0,892320793;319;0,870409957
293;7;SANTA CRUZ;71103;SAN RAMON SCZ                 ;160;0,778413576;236;1,148160025;238;1,157890195;246;1,196810874;201;0,98078412
294;7;SANTA CRUZ;71104;SAN JULIAN                    ;967;0,718060838;1198;0,889593468;1195;0,887365772;1205;0,894791427;1213;0,903396107
295;7;SANTA CRUZ;71105;SAN ANTONIO DE LOMERIO        ;105;0,619508652;109;0,643108982;108;0,6372089;106;0,625408735;123;0,727852664
296;7;SANTA CRUZ;71106;CUATRO CAÑADAS                ;428;0,678102072;536;0,849211941;536;0,849211941;551;0,8729772;571;0,907336416
297;7;SANTA CRUZ;71201;SAN MATIAS                    ;386;1,009740598;320;0,837090651;322;0,842322467;369;0,965270157;362;0,949757037
298;7;SANTA CRUZ;71301;COMARAPA                      ;397;0,944996358;380;0,904530519;381;0,906910863;384;0,914051893;403;0,962098559
299;7;SANTA CRUZ;71302;SAIPINA                       ;54;0,261032703;112;0,541401163;112;0,541401163;109;0,526899346;137;0,664212805
300;7;SANTA CRUZ;71401;PUERTO SUAREZ                 ;419;0,772043615;390;0,718608615;371;0,683599477;383;0,705710512;427;0,789118081
301;7;SANTA CRUZ;71402;PUERTO QUIJARRO               ;313;0,691072283;380;0,839001494;381;0,841209393;384;0,847833089;373;0,82598149
302;7;SANTA CRUZ;71403;CARMEN RIVERO TORREZ          ;117;0,667949116;169;0,96481539;169;0,96481539;151;0,862053987;148;0,847442515
303;7;SANTA CRUZ;71501;ASCENCION DE GUARAYOS         ;794;1,035612634;753;0,982136415;751;0,979527819;746;0,973006329;787;1,02951595
304;7;SANTA CRUZ;71502;URUBICHA                      ;111;0,550333225;154;0,763525375;157;0,778399246;155;0,768483332;180;0,895063351
305;7;SANTA CRUZ;71503;EL PUENTE(STC)                ;135;0,350060719;227;0,588620616;236;0,611957997;201;0,521201515;303;0,788040345
306;8;BENI      ;80101;TRINIDAD                      ;3997;1,370355945;2831;0,970597368;2850;0,977111444;2781;0,953455062;2765;0,947944675
307;8;BENI      ;80102;SAN JAVIER(BNI)               ;43;0,303872995;80;0,565345107;83;0,586545548;78;0,551211479;155;1,095454341
308;8;BENI      ;80201;RIBERALTA                     ;3482;1,465384009;3071;1,292416511;3069;1,29157482;2646;1,113557177;2998;1,261686097
309;8;BENI      ;80202;GUAYARAMERIN                  ;1321;1,213064515;1151;1,056954774;1150;1,056036482;1076;0,98808283;1118;1,026648604
310;8;BENI      ;80301;REYES                         ;340;0,972876837;376;1,075887325;376;1,075887325;330;0,944262812;347;0,99291378
311;8;BENI      ;80302;SAN BORJA                     ;1394;1,293786395;1238;1,149001117;1201;1,114661019;1166;1,082177143;1195;1,109089924
312;8;BENI      ;80303;SANTA ROSA                    ;268;1,07284848;205;0,820649024;204;0,816645858;212;0,848671186;279;1,116880665
313;8;BENI      ;80304;RURRENABAQUE                  ;608;1,134734798;435;0,811857956;435;0,811857956;400;0,746536051;449;0,838011511
314;8;BENI      ;80401;SANTA ANA                     ;511;1,092165558;467;0,998123906;467;0,998123906;454;0,970338872;472;1,008791345
315;8;BENI      ;80402;EXALTACION                    ;17;0,102995396;26;0,15752237;27;0,163580923;30;0,181756581;39;0,236287134
316;8;BENI      ;80501;SAN IGNACIO                   ;587;1,064145997;522;0,94631041;539;0,977128948;494;0,895550464;596;1,080479997
317;8;BENI      ;80601;LORETO                        ;99;0,991230995;116;1,161442378;114;1,141417509;121;1,211504549;175;1,752216222
318;8;BENI      ;80602;SAN ANDRES                    ;79;0,241672424;231;0,706662404;224;0,685248392;242;0,740312995;219;0,669979837
319;8;BENI      ;80701;SAN JOAQUIN                   ;91;0,489883294;151;0,812883268;142;0,764433272;122;0,656766614;148;0,796782555
320;8;BENI      ;80702;SAN RAMON BENI                ;75;0,58542085;112;0,874228469;112;0,874228469;115;0,897645303;141;1,100651239
321;8;BENI      ;80703;PUERTO SILES                  ;5;0,203928261;16;0,652570434;15;0,611784782;25;1,019641303;31;1,264450111
322;8;BENI      ;80801;MAGDALENA                     ;263;0,864658205;319;1,048767937;322;1,058630958;308;1,012603525;298;0,979753312
323;8;BENI      ;80802;BAURES                        ;108;0,698294693;112;0,72415746;112;0,72415746;104;0,672431927;125;0,808283263
324;8;BENI      ;80803;HUARACAJE                     ;41;0,377857419;78;0,7188507;77;0,709634666;87;0,801795012;98;0,903226203
325;9;PANDO     ;90101;COBIJA                        ;1953;1,22302526;1549;0,970028739;1548;0,96940251;1489;0,932454998;1537;0,977049728
326;9;PANDO     ;90102;PORVENIR                      ;68;0,273214216;119;0,478124879;119;0,478124879;120;0,482142735;149;0,607711801
327;9;PANDO     ;90103;BOLPEBRA                      ;9;0,145497727;30;0,484992425;30;0,484992425;27;0,436493182;32;0,525161086
328;9;PANDO     ;90104;BELLA FLOR                    ;22;0,20020241;68;0,618807449;69;0,627907558;66;0,60060723;69;0,637415327
329;9;PANDO     ;90201;PUERTO RICO                   ;131;0,715335803;151;0,824547375;151;0,824547375;146;0,797244482;204;1,13080989
330;9;PANDO     ;90202;SAN PEDRO(PND)                ;20;0,229464207;20;0,229464207;20;0,229464207;23;0,263883839;23;0,267874156
331;9;PANDO     ;90203;FILADELFIA                    ;78;0,478535377;130;0,797558962;128;0,785288824;105;0,644182238;163;1,015161705
332;9;PANDO     ;90301;PUERTO GONZALO MORENO         ;118;0,498816945;186;0,786270778;184;0,777816254;163;0,689043747;183;0,785279838
333;9;PANDO     ;90302;SAN LORENZO(PND)              ;153;0,684270477;181;0,809496447;185;0,827385871;129;0,576933932;212;0,962468927
334;9;PANDO     ;90303;SENA                          ;136;0,525704613;149;0,575955789;149;0,575955789;146;0,564359364;152;0,596436507
335;9;PANDO     ;90401;NACEBE (SANTA ROSA DEL ABUNA) ;39;0,580374481;76;1,130986168;77;1,145867564;68;1,011934992;92;1,389845167
336;9;PANDO     ;90402;INGAVI (HUMAITA)              ;23;0,484451356;48;1,011028918;48;1,011028918;32;0,674019278;36;0,769758034
337;9;PANDO     ;90501;NUEVO MANOA (NUEVA ESPERANZA) ;32;0,525350853;58;0,95219842;58;0,95219842;49;0,804443493;62;1,033316748
338;9;PANDO     ;90502;VILLA NUEVA (LOMA ALTA)       ;44;0,532308494;61;0,737973139;62;0,75007106;62;0,75007106;67;0,822810561
339;9;PANDO     ;90503;EUREKA (SANTOS MERCADO)       ;30;0,467893111;52;0,811014726;48;0,748628978;29;0,452296674;43;0,680812888
